Stock No.,Stock  Type,Year,Make,Model,Model No.,Model  Type,Body  Style,Color,Interior Color,Engine,Retail,Invoice,Lot,Co.,Age,Status,VIN,Deal  No.,Mileage
29229,S,2008,CHEV,SILVERADO 1500,,TK,CC,,,4.8 Liter,,,,90,727,S,1GCEC14C88Z292219,,15602
64081A,USED,2012,CHEV,TAHOE,,MP,UT,AUCTION,,5.3 Liter SFI,,,,90,,T,1GNSKBE00CR143903,,91928
73014A,USED,2014,CHEV,CAMARO,,C,CP,WHITE,,3.6 Liter SIDI DOHC,19939,,LOT,90,98,S,2G1FA1E34E9194912,,14463
73017A,USED,2015,CHEV,SONIC,,C,SD,WHITE,,1.8 Liter MFI DOHC,10945,,LOT,90,56,S,1G1JC5SH3F4162940,,48164
73046,NEW,2017,CHEV,IMPALA,1GY69,C,SD,SUMMIT WHITE,JET BLACK,LFX 3.6L DOHC V6 DI,34670,33275.69,,90,342,S,2G1105S35H9152052,,692
73055A,USED,2015,CHEV,SPARK,,,HB,RED,,1.2 Liter MFI DOHC,11026,,LOT,90,122,S,KL8CB6S94FC796905,,13561
73061A,USED,2015,HYUN,SONATA,,C,SD,BLUE,,2.4 Liter MPI DOHC,20976,,LOT,90,46,S,5NPE34AF3FH242106,,14802
73064A,USED,2015,BUIC,LA CROSSE,,C,SD,WHITE,,3.6 Liter SIDI DOHC,21970,,LOT,90,49,S,1G4GB5G37FF277798,,27715
73069,NEW,2017,CHEV,CORVETTE,,,,GRAY,JET BLACK,,77415,73110.4,,90,176,S,1G1YY2D73H5111759,,28
73070A,USED,2015,CHEV,SPARK,,,HB,RED,,1.2 Liter MFI DOHC,11356,,LOT,90,112,S,KL8CB6S97FC713659,,10686
73073,NEW,2017,CHEV,SONIC,1JV69,C,SD,ARTIC BLUE METALLIC,JET BLACK/DARK TITANIUM,LUW ECOTEC 1.8L DOHC VVT 4-CYLINDER SMFI,20415,18408.75,,90,132,S,1G1JD5SH0H4150423,,17
73074A,USED,2013,FORD,MUSTANG,P8E,C,CV,SILVER,,3.7 Liter,14937,,LOT,90,74,S,1ZVBP8EM6D5204726,,64408
73078A,USED,2014,CHEV,SONIC,,C,SD,BURGUNDY,,1.4 Liter MFI DOHC Turbo,10989,,LOT,90,81,S,1G1JD5SB4E4167233,,33374
73081A,USED,2012,CHEV,CRUZE,,C,SD,SILVER,,1.8 Liter MFI DOHC,,,WHSLE,90,4,S,1G1PD5SH4C7239963,,73478
74031A,USED,2016,RAMT,1500 TRADESMAN,,TK,PU,BLACK,,3.0 Liter DOHC,44691,,LOT,90,46,S,1C6RR7NM6GS337442,,3133
74057A,USED,2014,CHEV,SILVERADO 1500,,TK,PU,,,5.3 Liter,31741,,LOT,90,108,S,1GCVKREC3EZ151666,,36341
74064B,USED,2015,FORD,MUSTANG,P8F,C,CV,MAROON,,5.0 Liter,28680,,LOT,90,59,S,1FATP8FF6F5352133,,43949
74083,NEW,2017,CHEV,SILVERADO 1500,CC15743,TK,PU,SILVER ICE METALLIC,JET BLACK / DARK ASH,L83 5.3L ECOTEC3 V8,41940,40242.03,,90,326,S,1GCPCNEC8HF122197,,11
74098B,USED,2007,FORD,MUSTANG,T85,C,CV,BLACK,,4.6 Liter 3V OHC,13515,,LOT,90,115,S,1ZVHT85H275331387,,98330
74113,NEW,2017,CHEV,TAHOE,,MP,UV,BLUE VELVET,COCOA,5.3. Liter,58915,56444.96,,90,269,S,1GNSCBKC1HR232091,,312
74145A,USED,2012,CHEV,SILVERADO 1500,,TK,PU,WHITE,,5.3 Liter SFI,29349,,LOT,90,122,S,3GCPCSE06CG144212,,36155
74149A,USED,2016,CHEV,SILVERADO 2500,,TK,PU,GREY,,6.6 Liter Turbo Duramax,56574,,LOT,90,46,S,1GC1KWE82GF160582,,23399
74152C,USED,1998,ACUR,30CL,YA225W,C,CP,,,3.0 Liter,,,ABS,90,37,S,19UYA2259WL000740,,138939
74155B,USED,2001,CHEV,CORVETTE,1YY67,C,CV,,,5.7 Liter V8 MFI,,,ADESA,90,64,S,1G1YY32G515108019,,58396
74159A,USED,2014,GMC,SIERRA 1500,,TK,PU,WHITE,,5.3 Liter SIDI,31500,,LOT,90,113,S,3GTU2UEC0EG148447,,79135
74161B,USED,2006,DODG,RAM 1500,RTYP53,TK,PU,,,3.7 Liter MPI,,,ADESA,90,86,S,1D7HA16K66J185856,,148856
74174A,USED,2013,NISS,SENTRA,,C,SD,SILVER,,1.8 Liter,12900,,LOT,90,60,S,3N1AB7AP0DL709610,,20364
74176A,USED,2016,FORD,EDGE,K3G,MP,MP,BLUE,,2.0 Liter GTDI,22958,,LOT,90,59,S,2FMPK3G9XGBC17784,,19675
74178A,USED,2016,CHEV,TAHOE,,MP,UV,,,5.3 Liter SIDI,46689,,LOT,90,17,S,1GNSKBKC3GR262288,,13169
77004,NEW,2017,BUIC,REGAL,4GU69,C,SD,SUMMIT WHITE,EBONY W/ EBONY ACCENTS,LEA ECOTEC 2.4L DOHC 4-CYLINDER SIDI W/VVT,28005,27868.33,,90,454,S,2G4GK5EK5H9110149,,11
77005,NEW,2017,BUIC,LA CROSSE,4ZF79,C,SD,SUMMIT WHITE,LT NEUTRAL/ DK BROWN ACCENTS,LGX 3.6L V6 DI W/VVT,32990,32829.68,,90,443,S,1G4ZM5SS4HU139488,,14
77012,NEW,2017,BUIC,LA CROSSE,4ZF79,C,SD,QUICKSILVER METALLIC,LT NEUTRAL/ DK BROWN ACCENTS,LGX 3.6L V6 DI W/VVT,33425,33225.53,,90,408,S,1G4ZM5SS6HU151559,,11
77019,NEW,2017,BUIC,LA CROSSE,4ZC79,C,SD,GRAPHITE GRAY METALLIC,LT NEUTRAL/ DK BROWN ACCENTS,LGX 3.6L V6 DI W/VVT,42385,40914.16,,90,365,S,1G4ZR5SS2HU170062,,11
77021,NEW,2017,BUIC,REGAL,4GS69,C,SD,GRAPHITE GRAY METALLIC,LIGHT NEUTRAL W/ COCOA ACCENTS,LTG 2.0L TURBO DOHC 4-CYLINDER SIDI W/VVT,32935,31794.91,,90,365,S,2G4GR5GX9H9145121,,16
77031,NEW,2017,BUIC,REGAL,4GV69,C,SD,SUMMIT WHITE,LIGHT NEUTRAL W/ COCOA ACCENTS,LTG 2.0L TURBO DOHC 4-CYLINDER SIDI W/VVT,29580,28575.09,,90,352,S,2G4GL5EX6H9149695,,13
77033,NEW,2017,BUIC,LA CROSSE,4ZB79,C,SD,WHITE FROST TRICOAT,LT NEUTRAL/ DK BROWN ACCENTS,LGX 3.6L V6 DI W/VVT,38025,36674.76,,90,326,S,1G4ZN5SS4HU177848,,4
77034,NEW,2017,BUIC,REGAL,4GV69,C,SD,PEPPERDUST METALLIC,LIGHT NEUTRAL W/ COCOA ACCENTS,LTG 2.0L TURBO DOHC 4-CYLINDER SIDI W/VVT,30470,29389.44,,90,326,S,2G4GL5EX6H9150734,,4
77035,NEW,2017,BUIC,LA CROSSE,4ZB79,C,SD,QUICKSILVER METALLIC,LT NEUTRAL/ DK BROWN ACCENTS,LGX 3.6L V6 DI W/VVT,37425,36125.76,,90,326,S,1G4ZN5SS1HU175247,,10
77036,NEW,2017,BUIC,REGAL,4GV69,C,SD,DARK SAPPHIRE BLUE METALLIC,LIGHT NEUTRAL W/ COCOA ACCENTS,LTG 2.0L TURBO DOHC 4-CYLINDER SIDI W/VVT,29975,28936.51,,90,342,S,2G4GL5EX0H9150129,,14
77037,NEW,2017,BUIC,LA CROSSE,4ZB79,C,SD,GRAPHITE GRAY METALLIC,LT NEUTRAL/ DK BROWN ACCENTS,LGX 3.6L V6 DI W/VVT,39985,38598.16,,90,350,S,1G4ZP5SS3HU176409,,40
77038,NEW,2017,BUIC,REGAL,4GJ69,C,SD,CRIMSON RED TINTCOAT,EBONY W/ EBONY ACCENTS,LTG 2.0L TURBO DOHC 4-CYLINDER SIDI W/VVT,35535,34298.91,,90,343,S,2G4GT5GX4H9150471,,14
77042,NEW,2017,BUIC,ENCORE,4JU76,,UT,COASTAL BLUE METALLIC,EBONY,LUV ECOTEC TURBO 1.4L VVT DOHC 4-CYLINDER SMFI,24420,24259.6,,90,317,S,KL4CJ3SB4HB071593,,3
77044,NEW,2017,BUIC,ENCORE,4JU76,,UT,SUMMIT WHITE,EBONY,LUV ECOTEC TURBO 1.4L VVT DOHC 4-CYLINDER SMFI,24025,23900.15,,90,317,S,KL4CJ3SB1HB070563,,13
77045,NEW,2017,BUIC,LA CROSSE,4ZB79,C,SD,CRIMSON RED TINTCOAT,LT NEUTRAL/ DK BROWN ACCENTS,LGX 3.6L V6 DI W/VVT,37525,36217.26,,90,281,S,1G4ZN5SS5HU192908,,9
77045A,USED,2007,BUIC,LA CROSSE,4WD19,C,SD,,,3.8 Liter SFI,,,WHSLE,90,7,S,2G4WD582171196851,,79773
77046,NEW,2017,BUIC,ENVISION,4XR26,,UT,SUMMIT WHITE,LIGHT NEUTRAL/EBONY ACCENTS,LCV 2.5L DOHC 4-CYLINDER SIDI W/VVT,34990,34819.68,,90,281,S,LRBFXASA5HD126682,,4
77047,NEW,2017,BUIC,CASCADA,4WT67,,CV,TOASTED COCONUT METALLIC,LIGHT NEUTRAL/JET BLACK ACCENT,1.6 LITER DOHC TURBO,37425,36125.76,,90,262,S,W04WH3N52HG068502,,14
77048,NEW,2017,BUIC,CASCADA,4WT67,,CV,TRUE BLUE METALLIC,LIGHT NEUTRAL/JET BLACK ACCENT,1.6 LITER DOHC TURBO,38030,36729.34,,90,262,S,W04WJ3N58HG069304,,14
77049B,USED,2011,GMC,SIERRA 1500,,TK,PU,BLUE,,5.3 Liter SFI,24982,,SERVICE,90,9,S,3GTP1VE08BG186595,,63274
77050A,USED,2016,CHEV,CAMARO,,C,CV,MAROON,,3.6 Liter DOHC,32147,,LOT,90,52,S,1G1FD3DS8G0180410,,7550
77052B,USED,2014,KIA,FORTE,,C,SD,,,1.8 Liter,11689,,LOT,90,23,S,KNAFK4A67E5166098,,38941
77054A,USED,2014,FORD,ESCAPE,U0G,TK,MP,,,1.6 Liter Ti-VCT GTDI,15097,,LOT,90,18,S,1FMCU0GX7EUD44389,,39720
77059A,USED,2015,FORD,FOCUS,P3K,C,HB,TAN,,2.0 Liter GDI,11353,,LOT,90,60,S,1FADP3K27FL369674,,58773
77062B,USED,2014,BUIC,ENCORE,,,UT,MAROON,,1.4 Liter DOHC Turbo,13291,,LOT,90,39,S,KL4CJASB6EB592623,,73195
83001,NEW,2018,CHEV,CAMARO,1AG37,C,CP,SILVER ICE METALLIC,MEDIUM ASH GRAY,LGX 3.6L V6 DI W/VVT,32035,30731.6,,90,161,S,1G1FB1RS9J0101689,,8
83002,NEW,2018,CHEV,CAMARO,1AK37,C,CP,SUMMIT WHITE,MEDIUM ASH GRAY,LT1 6.2L V8 DI,46430,44668.03,,90,161,S,1G1FH1R76J0100705,,8
83003,NEW,2018,CHEV,CORVETTE STINGRAY,1YY07,C,CP,ARCTIC WHITE,JET BLACK,LT1 6.2L V8 DI,63200,59022.49,,90,85,S,1G1YB2D79J5102703,,3
83004,NEW,2018,CHEV,MALIBU,1ZD69,C,SD,CAJUN RED TINTCOAT,JET BLACK,LFV 1.5L TURBO DOHC 4-CYLINDER DI W/VVT,27290,26300.99,,90,135,S,1G1ZD5ST6JF115449,,10
83007,NEW,2018,CHEV,CAMARO,1AG37,C,CP,ARTIC BLUE METALLIC,JET BLACK,LGX 3.6L V6 DI W/VVT,30985,29770.85,,90,122,S,1G1FB1RSXJ0110966,,8
83008,NEW,2018,CHEV,CAMARO,1AH37,C,CP,NIGHTFALL GRAY METALLIC,JET BLACK,LGX 3.6L V6 DI W/VVT,40725,38872.95,,90,122,S,1G1FD1RSXJ0110704,,12
83009,NEW,2018,CHEV,MALIBU,1ZF69,C,SD,ARCTIC BLUE METALLIC,JET BLACK,LTG 2.0L TURBO DOHC 4-CYLINDER SIDI W/VVT,36310,34846.79,,90,105,S,1G1ZE5SX0JF120680,,3
83010,NEW,2018,CHEV,IMPALA,1GZ69,C,SD,BLUE VELVET METALLIC,JET BLACK,LFX 3.6L DOHC V6 DI,39505,38042.45,,90,88,S,2G1125S39J9113092,,9
83011,NEW,2018,CHEV,IMPALA,1GX69,C,SD,SILVER ICE METALLIC,JET BLACK / DARK TITANIUM,LFX 3.6L DOHC V6 DI,29865,28795.61,,90,88,S,2G11Z5S31J9113146,,9
83012,NEW,2018,CHEV,IMPALA,1GX69,C,SD,SUMMIT WHITE,JET BLACK / DARK TITANIUM,LFX 3.6L DOHC V6 DI,29865,28795.61,,90,87,S,2G11Z5S34J9113738,,10
83013,NEW,2018,CHEV,MALIBU,1ZC69,C,SD,SUMMIT WHITE,JET BLACK,LFV 1.5L TURBO DOHC 4-CYLINDER DI W/VVT,24100,23287.14,,90,88,S,1G1ZB5ST8JF130475,,5011
83017,NEW,2018,CHEV,CAMARO,1AG37,C,CP,HYPER BLUE METALLIC,JET BLACK,LTG 2.0L TURBO 4-CYLINDER SIDI VVT,28995,27910.26,,90,79,S,1G1FA1RX0J0121604,,10
83018,NEW,2018,CHEV,IMPALA,1GZ69,C,SD,CAJUN RED TINTCOAT,JET BLACK / LIGHT WHEAT,LFX 3.6L DOHC V6 DI,39900,38403.88,,90,60,S,2G1125S34J9123321,,9
83019,NEW,2018,CHEV,IMPALA,1GY69,C,SD,IRIDESCENT PEARL TRICOAT,JET BLACK / DARK TITANIUM,LFX 3.6L DOHC V6 DI,36585,35060.65,,90,44,S,2G1105S37J9128728,,10
83020,NEW,2018,CHEV,CRUZE,1BR69,C,SD,ARCTIC BLUE METALLIC,DK ATMOSPHERE/MED ATMOSPHERE,LE2 1.4L TURBO DOHC 4-CYL DI W/CVVT,20400,19716.64,,90,41,S,1G1BC5SM2J7128366,,8
83021,NEW,2018,CHEV,SPARK,1DQ48,,HB,SUMMIT WHITE,JET BLACK / WHITE TRIM,LV7 1.4L DOHC 4 CYL MFI,18095,17578.4,,90,52,S,KL8CH6SA8JC420340,,12
83022,NEW,2018,CHEV,CRUZE,1BR69,C,SD,SUMMIT WHITE,JET BLACK,LE2 1.4L TURBO DOHC 4-CYL DI W/CVVT,20400,19716.64,,90,23,S,1G1BC5SMXJ7129832,,7
83023,NEW,2018,CHEV,CAMARO,1AG37,C,CP,BRIGHT YELLOW,JET BLACK,LTG 2.0L TURBO 4-CYLINDER SIDI VVT,28890,27853.93,,90,31,S,1G1FB1RX7J0132354,,8
83024,NEW,2018,CHEV,CRUZE,1BR69,C,SD,SILVER ICE METALLIC,DK ATMOSPHERE/MED ATMOSPHERE,LE2 1.4L TURBO DOHC 4-CYL DI W/CVVT,20400,19716.64,,90,18,S,1G1BC5SM9J7133922,,3
83025,NEW,2018,CHEV,CRUZE,1BT68,C,HB,KINETIC BLUE METALLIC,JET BLACK,LE2 1.4L TURBO DOHC 4-CYL DI W/CVVT,23190,22389.23,,90,18,S,3G1BE6SM4JS544453,,3
83026,NEW,2018,CHEV,MALIBU,1ZD69,C,SD,SANDY RIDGE METALLIC,JET BLACK,LFV 1.5L TURBO DOHC 4-CYLINDER DI W/VVT,26000,25120.64,,90,31,S,1G1ZD5ST5JF153058,,8
83027,NEW,2018,CHEV,CRUZE,1BT69,C,SD,CAJUN RED TINTCOAT,JET BLACK,LE2 1.4L TURBO DOHC 4-CYL DI W/CVVT,22720,21935.68,,90,,T,1G1BE5SM0J7139179,,7
83028,NEW,2018,CHEV,CRUZE,1BR69,C,SD,SUMMIT WHITE,DK ATMOSPHERE/MED ATMOSPHERE,LE2 1.4L TURBO DOHC 4-CYL DI W/CVVT,20400,19716.64,,90,18,S,1G1BC5SM1J7139732,,10
83029,NEW,2018,CHEV,CRUZE,1BT68,C,HB,KINETIC BLUE METALLIC,JET BLACK,LE2 1.4L TURBO DOHC 4-CYL DI W/CVVT,23190,22389.23,,90,18,S,3G1BE6SM2JS551871,,5
83030,NEW,2018,CHEV,CRUZE,1BT69,C,SD,KINETIC BLUE METALLIC,DK ATMOSPHERE/MED ATMOSPHERE,LE2 1.4L TURBO DOHC 4-CYL DI W/CVVT,22720,21935.68,,90,18,S,1G1BE5SM2J7138941,,4
83031,NEW,2018,CHEV,CRUZE,1BT68,C,HB,CAJUN RED TINTCOAT,JET BLACK,LH7 1.6L TURBO DIESEL DOHC 4-CYLINDER,27830,26810.59,,90,1,S,3G1BG6SE8JS554809,,3
83032,NEW,2018,CHEV,CRUZE,1BT69,C,SD,ARCTIC BLUE METALLIC,DK ATMOSPHERE/MED ATMOSPHERE,LE2 1.4L TURBO DOHC 4-CYL DI W/CVVT,22325,21574.25,,90,,T,1G1BE5SM6J7145505,,3
83033,NEW,2018,CHEV,SONIC,1JU69,C,SD,SUMMIT WHITE,JET BLACK/DARK TITANIUM,LUW ECOTEC 1.8L DOHC VVT 4-CYLINDER SMFI,17370,16792.69,,90,,T,1G1JB5SH5J4106929,,3
83034,NEW,2018,CHEV,CRUZE,1BS68,C,HB,ARCTIC BLUE METALLIC,DK ATMOSPHERE/MED ATMOSPHERE,LE2 1.4L TURBO DOHC 4-CYL DI W/CVVT,27680,26598.84,,90,,T,3G1BF6SM4JS564375,,3
83035,NEW,2018,CHEV,SONIC,1JV69,C,SD,NIGHTFALL GRAY METALLIC,DARK PEWTER/ DARK TITANIUM,LUV ECOTEC TURBO 1.4L DOHC VVT 4-CYLINDER SMFI,20020,19312.44,,90,,T,1G1JD5SB3J4107146,,3
83036B,USED,2015,CHEV,CAMARO,,C,CP,BLACK,,6.2 Liter SFI,29995,,LOT,90,18,S,2G1FG1EW2F9150157,,26347
83037,NEW,2018,CHEV,CRUZE,1BS69,C,SD,KINETIC BLUE METALLIC,JET BLACK,LE2 1.4L TURBO DOHC 4-CYL DI W/CVVT,27605,26506.71,,90,,T,1G1BF5SM5J7151390,,3
83038,NEW,2018,CHEV,CRUZE,1BT69,C,SD,SILVER ICE METALLIC,JET BLACK,LH7 1.6L TURBO DIESEL DOHC 4-CYLINDER,29655,28478.46,,90,,T,1G1BH5SE7J7150969,,3
83039,NEW,2018,CHEV,CRUZE,1BR69,C,SD,SUMMIT WHITE,DK ATMOSPHERE/MED ATMOSPHERE,LE2 1.4L TURBO DOHC 4-CYL DI W/CVVT,20400,19716.64,,90,,T,1G1BC5SM1J7153534,,3
83040,NEW,2018,CHEV,CRUZE,1BT68,C,HB,SUMMIT WHITE,JET BLACK,LE2 1.4L TURBO DOHC 4-CYL DI W/CVVT,22795,22027.8,,90,,T,3G1BE6SM5JS573394,,3
84008,NEW,2018,CHEV,EQUINOX,1XP26,MP,UT,NIGHTFALL GRAY METALLIC,MEDIUM ASH GRAY,LYX 1.5L TURBO DOHC 4-CYL SIDI VVT,26455,25307.05,,90,142,S,2GNAXHEV3J6173109,,3
84013A,USED,2012,GMC,YUKON XL,,MP,UT,WHITE,,5.3 Liter SFI,24903,,SERVICE,90,4,S,1GKS2KE75CR151795,,87470
84022,NEW,2018,CHEV,TRAVERSE,1NC56,MP,UT,SILVER ICE METALLIC,DK ATMOSPHERE/MED ASH GRAY,LFY 3.6L V6 SIDI VVT,36145,34535,,90,105,S,1GNERGKW8JJ111730,,18
84023A,USED,2015,CHEV,SILVERADO 2500,,TK,PU,GREY,,6.6 Liter Turbo Duramax,49793,,LOT,90,38,S,1GC1KVE89FF172219,,17603
84027A,USED,2013,GMC,YUKON XL,,MP,UT,SILVER,,5.3 Liter SFI,33734,,LOT,90,53,S,1GKS2HE76DR287258,,37429
84028,NEW,2018,CHEV,COLORADO,12V43,TK,PU,CAJUN RED TINTCOAT,JET BLACK,LGZ 3.6L DI DOHC V6 VVT,40380,38481.88,,90,105,S,1GCGTDEN3J1109582,,12
84031,NEW,2018,CHEV,COLORADO,12M43,TK,PU,SILVER ICE METALLIC,JET BLACK / DARK ASH,LCV 2.5L I4 DI DOHC VVT,27830,26590.44,,90,88,S,1GCGSBEA7J1114112,,17
84032A,USED,2012,FORD,F-250,W2B,TK,PU,,,6.7 Liter,44015,,SERVICE,90,17,S,1FT7W2BT5CEB54338,,68209
84039B,USED,2013,DODG,DART,,C,SD,BLUE,,2.0 Liter,,,WHSLE,90,10,S,1C3CDFBA5DD139814,,116513
84044,NEW,2018,CHEV,COLORADO,12V43,TK,PU,GRAPHITE METALLIC,"LEATHER-APPOINTED, JET BLACK",LGZ 3.6L DI DOHC V6 VVT,39905,38047.25,,90,66,S,1GCGTDEN6J1134797,,9
84045A,USED,2015,CHEV,SILVERADO 2500,,TK,PU,RED,,6.6 Liter Turbo Duramax,55939,,LOT,90,46,S,1GC1KWE83FF642931,,32656
84046,NEW,2018,CHEV,COLORADO,12N43,TK,PU,KINETIC BLUE METALLIC,JET BLACK / DARK ASH,LCV 2.5L I4 DI DOHC VVT,31005,29606.76,,90,31,S,1GCGSCEA9J1147456,,3
84048,NEW,2018,CHEV,COLORADO,12U43,TK,PU,SUMMIT WHITE,JET BLACK / DARK ASH,LGZ 3.6L DI DOHC V6 VVT,38540,36711.69,,90,44,S,1GCGTCEN5J1146322,,13
84049A,USED,2014,BUIC,VERANO,,C,SD,,,2.4 Liter SIDI DOHC,,,SERVICE,90,3,S,1G4PP5SK3E4141761,,49982
84050A,USED,2014,DODG,AVENGER,,C,SD,SILVER,,2.4 Liter,,,WHSLE,90,2,S,1C3CDZAB4EN226045,,106062
84051,NEW,2018,CHEV,TRAX,1JR76,MP,UT,SILVER ICE METALLIC,JET BLACK,LUV ECOTEC TURBO 1.4L VVT DOHC 4-CYLINDER SMFI,23485,22694.1,,90,59,S,KL7CJNSB7JB548084,,11
84052A,USED,2013,TOYO,COROLLA,,C,SD,GOLD,,1.8 Liter,10142,,LOT,90,42,S,5YFBU4EE6DP210672,,92703
84053,NEW,2018,CHEV,TRAX,1JV76,MP,UT,SUMMIT WHITE,JET BLACK,LUV ECOTEC TURBO 1.4L VVT DOHC 4-CYLINDER SMFI,24335,23491.85,,90,50,S,KL7CJLSB7JB547859,,11
84054,NEW,2018,CHEV,EQUINOX,,MP,UV,NIGHTFALL GRAY,JET BLACK,1.5 Liter DOHC Turbo,29940,28980.35,,90,56,S,2GNAXJEV1J6202002,,158
84057,NEW,2018,CHEV,COLORADO,12M53,TK,PU,SATIN STEEL GRAY METALLIC,JET BLACK / DARK ASH,LCV 2.5L I4 DI DOHC VVT,25450,24545.33,,90,30,S,1GCHSBEA9J1155507,,8
84058,NEW,2018,CHEV,SILVERADO 1500,CK15543,TK,PU,RED HOT,COCOA / DUNE,L83 5.3L ECOTEC3 V8,50885,47797.73,,90,31,S,3GCUKREC5JG220864,,8
84059,NEW,2018,CHEV,COLORADO,12N53,TK,PU,SUMMIT WHITE,JET BLACK / DARK ASH,LCV 2.5L I4 DI DOHC VVT,28670,27392.64,,90,30,S,1GCHSCEAXJ1155439,,11
84060,NEW,2018,CHEV,TRAX,1JV76,MP,UT,NIGHTFALL GRAY METALLIC,JET BLACK,LUV ECOTEC TURBO 1.4L VVT DOHC 4-CYLINDER SMFI,24385,23541.85,,90,37,S,KL7CJLSB4JB540688,,11
84062,NEW,2018,CHEV,SILVERADO 1500,CK15543,TK,PU,CAJUN RED TINTCOAT,JET BLACK / MED ASH GRAY,L83 5.3L ECOTEC3 V8,58485,55005.73,,90,,T,3GCUKTEC4JG225874,,3
84063A,USED,2013,CHEV,EQUINOX,,MP,UT,WHITE,,2.4 Liter SIDI DOHC,17701,17701,SERVICE,90,11,S,2GNALPEK2D6103729,,22890
84065,NEW,2018,CHEV,SILVERADO 2500,,TK,PU,SILVER ICE,JET BLACK,6.6 Liter Turbo,66005,61541.16,,90,45,S,1GC1KWEY0JF101098,,311
84066,NEW,2018,CHEV,SILVERADO 1500,CK15543,TK,PU,CAJUN RED TINTCOAT,JET BLACK / MED ASH GRAY,L83 5.3L ECOTEC3 V8,58485,55005.73,,90,,T,3GCUKTEC5JG229948,,15
84067,NEW,2018,CHEV,SILVERADO 1500,CK15753,TK,PU,SILVER ICE METALLIC,JET BLACK / DARK ASH,LV3 4.3L ECOTEC3 V6,40485,38869.48,,90,20,S,1GCVKPEH7JZ180260,,6
84068,NEW,2018,CHEV,SILVERADO 2500,CK25743,TK,PU,DEEP OCEAN BLUE METALLIC,COCOA / DUNE,L5P DURAMAX 6.6L TURBO-DIESEL V8,69740,64962.69,,90,20,S,1GC1KWEY6JF166313,,23
84069,NEW,2018,CHEV,SILVERADO 1500,CK15743,TK,PU,SUMMIT WHITE,COCOA / DUNE,L83 5.3L ECOTEC3 V8,49770,46764.63,,90,18,S,1GCUKREC6JF167349,,19
84070,NEW,2018,CHEV,SILVERADO 1500,CK15543,TK,PU,CAJUN RED TINTCOAT,JET BLACK,L83 5.3L ECOTEC3 V8,48685,45736.98,,90,1,S,3GCUKREC0JG238138,,3
84071,NEW,2018,CHEV,TAHOE,CK15706,MP,UT,SUMMIT WHITE,COCOA/DUNE,L86 6.2L ECOTEC3 V8,71875,67829.6,,90,20,S,1GNSKCKJ9JR172445,,3
84072,NEW,2018,CHEV,SILVERADO 1500,CC15753,TK,PU,SUMMIT WHITE,JET BLACK / DARK ASH,LV3 4.3L ECOTEC3 V6,36665,35195.08,,90,,T,1GCRCPEH8JZ186518,,8
84073B,USED,2006,DODG,RAM 2500,,TK,QC,SILVER,,5.9 Liter Turbo Diesel,29969,,SERVICE,90,4,S,3D7KS28C96G247038,,72000
84074,NEW,2018,CHEV,SILVERADO 1500,CK15543,TK,PU,IRIDESCENT PEARL TRICOAT,JET BLACK / MED ASH GRAY,L83 5.3L ECOTEC3 V8,58985,55463.23,,90,,T,3GCUKTEC1JG239375,,3
84075,NEW,2018,CHEV,TAHOE,CC15706,MP,UT,BLACK,JET BLACK,L83 5.3L V8 ECOTEC3 FLEX FUEL CAPABLE,53875,50983.1,,90,1,S,1GNSCBKC2JR190942,,3
84076,NEW,2018,CHEV,SILVERADO 1500,CK15543,TK,PU,IRIDESCENT PEARL TRICOAT,COCOA / DUNE,L83 5.3L ECOTEC3 V8,51700,48543.46,,90,1,S,3GCUKREC5JG241603,,3
84077,NEW,2018,CHEV,COLORADO,12P43,TK,PU,SATIN STEEL GRAY METALLIC,JET BLACK,LGZ 3.6L DI DOHC V6 VVT,42980,41090.69,,90,1,S,1GCGTEEN6J1167837,,36
84078,NEW,2018,CHEV,SILVERADO 1500,CK15743,TK,PU,GRAPHITE METALLIC,JET BLACK,L83 5.3L ECOTEC3 V8,49005,46064.65,,90,1,S,1GCUKREC3JF171259,,3
84079,NEW,2018,CHEV,SILVERADO 1500,CK15743,TK,PU,CAJUN RED TINTCOAT,JET BLACK,L83 5.3L ECOTEC3 V8,51615,48500.55,,90,,T,3GCUKREC6JG242114,,3
84080,NEW,2018,CHEV,COLORADO,12N53,TK,PU,RED HOT,JET BLACK,LGZ 3.6L DI DOHC V6 VVT,34620,33000.28,,90,1,S,1GCHTCEN4J1171863,,3
84081,NEW,2018,CHEV,TAHOE,CK15706,MP,UT,SILVER ICE METALLIC,JET BLACK,L86 6.2L ECOTEC3 V8,71875,67829.6,,90,,T,1GNSKCKJ9JR197751,,3
84082,NEW,2018,CHEV,TAHOE,CK15706,MP,UT,PEPPERDUST METALLIC,COCOA / DUNE,L83 5.3L V8 ECOTEC3,57655,54531.8,,90,,T,1GNSKBKC8JR198661,,3
84083,NEW,2018,CHEV,COLORADO,12N43,TK,PU,CAJUN RED TINTCOAT,JET BLACK,LGZ 3.6L DI DOHC V6 VVT,36745,35065.26,,90,1,S,1GCGTCEN0J1174190,,3
84084,NEW,2018,CHEV,SILVERADO 2500,CK25743,TK,PU,HAVANA METALLIC,SADDLE,L5P DURAMAX 6.6L TURBO-DIESEL V8,69895,65231.31,,90,,T,1GC1KXEY7JF176712,,3
84085,NEW,2018,CHEV,TAHOE,CK15706,MP,UT,HAVANA METALLIC,COCOA / DUNE,L83 5.3L V8 ECOTEC3,52525,49683.95,,90,,T,1GNSKAKC1JR200745,,3
84086,NEW,2018,CHEV,COLORADO,12P43,TK,PU,SILVER ICE METALLIC,JET BLACK,LWN 2.8L DURAMAX TURBO-DIESEL,41590,39585.03,,90,,T,1GCPTDE18J1176773,,3
84087,NEW,2018,CHEV,SILVERADO 2500,CK25743,TK,PU,HAVANA METALLIC,SADDLE,L5P DURAMAX 6.6L TURBO-DIESEL V8,69895,65231.31,,90,,T,1GC1KXEY3JF178781,,3
84088,NEW,2018,CHEV,COLORADO,12N43,TK,PU,DEEPWOOD GREEN METALLIC,JET BLACK,LWN 2.8L DURAMAX TURBO-DIESEL,40895,38862.51,,90,,T,1GCPTCE11J1177449,,3
84089,NEW,2018,CHEV,SILVERADO 1500,CK15543,TK,PU,SILVER ICE METALLIC,JET BLACK,L83 5.3L ECOTEC3 V8,47990,45101.06,,90,,T,3GCUKREC8JG262767,,3
84090,NEW,2018,CHEV,COLORADO,12P43,TK,PU,KINETIC BLUE METALLIC,JET BLACK,LWN 2.8L DURAMAX TURBO-DIESEL,41985,39946.45,,90,,T,1GCPTDE13J1177040,,3
84091,NEW,2018,CHEV,TRAX,1JU76,MP,UT,SUMMIT WHITE,JET BLACK,LUV ECOTEC TURBO 1.4L VVT DOHC 4-CYLINDER SMFI,21995,21260,,90,,T,3GNCJKSB5JL243058,,3
84092,NEW,2018,CHEV,COLORADO,12P43,TK,PU,DEEPWOOD GREEN METALLIC,JET BLACK,LWN 2.8L DURAMAX TURBO-DIESEL,41590,39585.03,,90,,T,1GCPTDE14J1176897,,3
84093,NEW,2018,CHEV,SILVERADO 1500,CK15543,TK,PU,CAJUN RED TINTCOAT,JET BLACK,L83 5.3L ECOTEC3 V8,51095,47989.88,,90,,T,3GCUKREC0JG264335,,3
84094,NEW,2018,CHEV,COLORADO,12N43,TK,PU,GRAPHITE METALLIC,JET BLACK,LGZ 3.6L DI DOHC V6 VVT,36250,34612.34,,90,,T,1GCGTCEN0J1177526,,3
84095,NEW,2018,CHEV,TRAX,1JU76,MP,UT,STORM BLUE METALLIC,JET BLACK,LUV ECOTEC TURBO 1.4L VVT DOHC 4-CYLINDER SMFI,21995,21260,,90,,T,3GNCJKSB3JL240269,,3
84096,NEW,2018,CHEV,SILVERADO 1500,CK15543,TK,PU,IRIDESCENT PEARL TRICOAT,JET BLACK,L83 5.3L ECOTEC3 V8,48985,46011.48,,90,,T,3GCUKREC3JG263941,,3
84097,NEW,2018,CHEV,COLORADO,12N43,TK,PU,KINETIC BLUE METALLIC,JET BLACK,LGZ 3.6L DI DOHC V6 VVT,36645,34973.76,,90,,T,1GCGTCEN8J1175765,,3
84098,NEW,2018,CHEV,SILVERADO 1500,CK15743,TK,PU,SUMMIT WHITE,JET BLACK,L83 5.3L ECOTEC3 V8,54660,51366.23,,90,,T,3GCUKSEC9JG265748,,3
84099,NEW,2018,CHEV,COLORADO,12P43,TK,PU,SATIN STEEL GRAY METALLIC,JET BLACK,LWN 2.8L DURAMAX TURBO-DIESEL,41590,39585.03,,90,,T,1GCPTDE11J1175660,,3
84100,NEW,2018,CHEV,TRAVERSE,,MP,UV,CAJUN RED,JET BLACK,,44425,42632.6,,90,15,S,1GNERJKX2JJ159861,,224
84101,NEW,2018,CHEV,TRAVERSE,,MP,UV,IRIDESCENT PEAR,JET BLACK,3.6 Liter DOHC,39105,37243.4,,90,15,S,1GNERGKW5JJ114553,,35
84102,NEW,2018,CHEV,TRAX,1JV76,MP,UT,STORM BLUE METALLIC,JET BLACK,LUV ECOTEC TURBO 1.4L VVT DOHC 4-CYLINDER SMFI,23895,23093.5,,90,,T,3GNCJLSB2JL245081,,3
84103,NEW,2018,CHEV,SILVERADO 1500,CK15743,TK,PU,SILVER ICE METALLIC,COCOA / DUNE,L83 5.3L ECOTEC3 V8,54660,51366.23,,90,,T,3GCUKSEC2JG267017,,3
84104,NEW,2018,CHEV,SUBURBAN 1500,CK15906,MP,UT,HAVANA METALLIC,JET BLACK,L83 5.3L V8 ECOTEC3,60850,57536.23,,90,,T,1GNSKHKC5JR208002,,3
84105,NEW,2018,CHEV,SILVERADO 1500,CK15743,TK,PU,IRIDESCENT PEARL TRICOAT,JET BLACK,L83 5.3L ECOTEC3 V8,55655,52276.65,,90,,T,3GCUKSECXJG266696,,3
84106,NEW,2018,CHEV,SUBURBAN 1500,CK15906,MP,UT,IRIDESCENT PEARL TRICOAT,COCOA/DUNE,L83 5.3L V8 ECOTEC3,76330,71986.93,,90,,T,1GNSKJKC2JR208529,,3
84107,NEW,2018,CHEV,SILVERADO 1500,CK15543,TK,PU,DEEP OCEAN BLUE METALLIC,JET BLACK / MED ASH GRAY,L83 5.3L ECOTEC3 V8,58385,54914.23,,90,,T,3GCUKTEC4JG266781,,3
84108,NEW,2018,CHEV,TRAX,1JV76,MP,UT,STORM BLUE METALLIC,JET BLACK,LUV ECOTEC TURBO 1.4L VVT DOHC 4-CYLINDER SMFI,23895,23093.5,,90,,T,3GNCJLSB7JL244220,,3
84109,NEW,2018,CHEV,SILVERADO 1500,CK15543,TK,PU,RED HOT,JET BLACK,L83 5.3L ECOTEC3 V8,47990,45101.06,,90,,T,3GCUKREC5JG267506,,3
84110,NEW,2018,CHEV,TRAX,1JU76,MP,UT,SUMMIT WHITE,JET BLACK/LIGHT ASH GRAY,LUV ECOTEC TURBO 1.4L VVT DOHC 4-CYLINDER SMFI,21995,21260,,90,,T,3GNCJKSB3JL248078,,3
84111,NEW,2018,CHEV,SILVERADO 1500,CK15543,TK,PU,SUMMIT WHITE,JET BLACK / DARK ASH,LV3 4.3L ECOTEC3 V6,42340,40643.08,,90,,T,3GCUKPEH2JG266247,,3
84112,NEW,2018,CHEV,SUBURBAN 1500,CC15906,MP,UT,SUMMIT WHITE,JET BLACK,L83 5.3L V8 ECOTEC3,51775,48988.7,,90,,T,1GNSCGEC5JR209086,,3
84113,NEW,2018,CHEV,SILVERADO 1500,CK15743,TK,PU,RED HOT,COCOA / DUNE,L83 5.3L ECOTEC3 V8,54660,51366.23,,90,,T,3GCUKSEC7JG269524,,3
84114,NEW,2018,CHEV,SILVERADO 1500,CC15753,TK,PU,RED HOT,JET BLACK / DARK ASH,LV3 4.3L ECOTEC3 V6,36665,35195.08,,90,,T,1GCRCPEH0JZ211296,,3
84115,NEW,2018,CHEV,SILVERADO 1500,CK15543,TK,PU,CAJUN RED TINTCOAT,JET BLACK,L83 5.3L ECOTEC3 V8,48485,45553.98,,90,,T,3GCUKREC0JG270328,,3
84116,NEW,2018,CHEV,SILVERADO 2500,,TK,PU,CAJUN RED,SADDLE,6.6 Liter Turbo,69875,65894.81,,90,8,S,1GC1KXEY6JF150652,,215
84117,NEW,2018,CHEV,TRAX,1JV76,MP,UT,CAJUN RED TINTCOAT,JET BLACK,LUV ECOTEC TURBO 1.4L VVT DOHC 4-CYLINDER SMFI,24290,23454.93,,90,,T,3GNCJLSB4JL242098,,3
84118A,USED,2008,CHEV,COLORADO,CS15643,TK,UT,BLUE,,3.7 Liter,16577,,CUST,90,2,S,1GCCS13E688107975,,53979
84119,S,2018,CHEV,SILVERADO 3500,CK35743,TK,PU,SUMMIT WHITE,LEATHER,L5P DURAMAX 6.6L TURBO-DIESEL V8,69780,64786.66,,90,,T,1GC4K1EY5JF188884,,3
84120,NEW,2018,CHEV,SILVERADO 2500,CK25743,TK,PU,IRIDESCENT PEARL TRICOAT,COCOA / DUNE,L5P DURAMAX 6.6L TURBO-DIESEL V8,70340,65511.69,,90,,T,1GC1KWEY4JF185622,,3
84121,NEW,2018,CHEV,SILVERADO 1500,CC15543,TK,PU,SUMMIT WHITE,JET BLACK,L8B 5.3L ECOTEC3 V8 EASSIST,44895,42179.75,,90,,T,3GCUCRER4JG275954,,3
84122,NEW,2018,CHEV,COLORADO,,TK,PU,SUMMIT WHITE,JET BLACK,2.5 Liter DOHC,27520,26837.29,,90,3,S,1GCGSBEA0J1123363,,115
84123,NEW,2018,CHEV,TAHOE,,MP,UV,BLACK,COCOA/DUNE,5.3 Liter,74575,71399.3,,90,2,S,1GNSKCKC9JR140676,,273
84124,NEW,2018,CHEV,SILVERADO 1500,CC15703,TK,PU,SUMMIT WHITE,JET BLACK / DARK ASH,LV3 4.3L ECOTEC3 V6,31140,29876.01,,90,,T,1GCNCNEH4JZ219386,,3
87001,NEW,2018,BUIC,ENVISION,4XT26,,UT,BRONZE ALLOY METALLIC,LIGHT NEUTRAL/EBONY ACCENTS,LTG 2.0L TURBO DOHC 4-CYLINDER SIDI W/VVT,44185,42204.95,,90,80,S,LRBFX3SX9JD000704,,18
87002,NEW,2018,BUIC,ENCLAVE,4NC56,MP,UT,RED QUARTZ TINTCOAT,SHALE WITH EBONY ACCENTS,LFY 3.6L V6 SIDI VVT,50630,48329.94,,90,50,S,5GAERCKW3JJ140040,,10
87003,NEW,2018,BUIC,ENVISION,4XS26,,UT,GALAXY SILVER METALLIC,LIGHT NEUTRAL/EBONY ACCENTS,LCV 2.5L DOHC 4-CYLINDER SIDI W/VVT,39605,37831.95,,90,36,S,LRBFX1SA3JD005977,,13
87004,NEW,2018,BUIC,ENVISION,4XU26,,UT,BRONZE ALLOY METALLIC,LIGHT NEUTRAL/EBONY ACCENTS,LTG 2.0L TURBO DOHC 4-CYLINDER SIDI W/VVT,48525,46283.35,,90,31,S,LRBFX4SX6JD009642,,10
87005,NEW,2018,BUIC,ENVISION,4XS26,,UT,GALAXY SILVER METALLIC,LIGHT NEUTRAL/EBONY ACCENTS,LCV 2.5L DOHC 4-CYLINDER SIDI W/VVT,40235,38408.4,,90,31,S,LRBFX1SA0JD010084,,11
87006,NEW,2018,BUIC,ENVISION,4XU26,,UT,CHILI RED METALLIC,LIGHT NEUTRAL/EBONY ACCENTS,LTG 2.0L TURBO DOHC 4-CYLINDER SIDI W/VVT,48525,46283.35,,90,31,S,LRBFX4SX6JD009737,,3
CD8284,NEW,2014,CHEV,EXPRESS 3500,,B,VN,,,4.8 Liter SFI,,,,90,,T,1GAZGZFA6E1135016,,6
CD8291,S,2015,CHEV,SILVERADO 1500,,TK,,JET BLACK,DARK ASH,4.3 Liter SIDI,,,,90,,T,1GCNCPEH8FZ309269,,8
CD8301,NEW,2016,CHEV,CITY EXPRESS,,,VN,,,2.0 Liter,,,,90,,T,3N63M0ZN4GK690559,,14
CD8307,NEW,2016,CHEV,SILVERADO 2500,,IV,PU,,,6.0 Liter SFI,,,,90,,T,1GB0KUEG9GZ375502,,3
CD8310,NEW,2018,CHEV,SILVERADO 2500,,IV,PU,JET BLACK,,6.0 Liter,,,,90,,T,1GB2CUEG8JZ158911,,10
CD8311,NEW,2018,CHEV,SILVERADO 2500,,IV,PU,JET BLACK,,6.0 Liter,,,,90,,T,1GB2CUEGXJZ162765,,10
SQTN37,S,2016,CHEV,CORVETTE,1YZ07,C,CP,DAYTONA SUNRISE ORANGE,KALAHARI,LT4 6.2L (376 CI) SUPERCHARGED V8 DI,101735,92687.9,,90,,T,1G1YU2D6XG5600760,,0
VRKDWJ,NEW,2018,CHEV,COLORADO,12P43,TK,PU,SATIN STEEL GRAY METALLIC,JET BLACK,LWN 2.8L DURAMAX TURBO-DIESEL,46980,44750.69,,90,,T,1GCPTEE11J1191833,,0
Z1056,USED,2016,CHRY,300,,C,SD,WHITE,,3.6 Liter,,,,90,,T,2C3CCAEG0GH190313,,40864
Z1393,USED,2011,CHEV,TRAVERSE,,MP,UT,PEARL WHITE,,3.6 Liter SIDI,24995,,,90,,T,1GNKRJED4BJ410014,,70294
Z1681,USED,2015,EZGO,GOLF CART,,,,,,,,,,90,,I,1191787,,1
Z1873A,USED,1993,FORD,AEROSTAR,A11,TK,WG,AUCTION,,3.0 Liter EFI,,,,90,,T,1FMCA11U8PZB17912,,249531
Z1881,USED,2013,TOYO,SCION TC,,C,HB,WHITE,,2.5 Liter,,,,90,,T,JTKJF5C73D3058075,,55334
Z1890,USED,2014,NISS,ROGUE,,MP,WG,BLACK,,2.5 Liter,,,,90,,T,5N1AT2ML8EC764952,,42978
Z2044,USED,2016,CHEV,MALIBU,,C,SD,NIGHTFALL GRAY,,1.5 Liter DOHC Turbo,,,SENT BACK,90,,T,1G1ZE5ST5GF250511,,18904
Z2070,USED,2016,FORD,FIESTA,P4E,C,HB,KONA BLUE,,1.6 Liter TiVCT,12943,,MANHEIM,90,253,S,3FADP4EJ3GM112116,,42559
Z2079,USED,2017,CHEV,CRUZE,,C,NB,RED,,1.4 Liter DOHC Turbo,18002,,MANHEIM,90,246,S,1G1BE5SMXH7123632,,12870
Z2088,USED,2016,CHEV,CAMARO,,C,CP,RED HOT,,3.6 Liter DOHC,24421,,LOT,90,238,S,1G1FB1RS8G0172603,,27667
Z2102A,USED,2014,MAZD,MAZDA 3,,C,SD,WHITE,,2.5 Liter,16807,,LOT,90,95,S,JM1BM1W30E1108768,,46008
Z2108,USED,2016,TOYO,COROLLA,,C,SD,RED,,1.8 Liter,14092,,LOT,90,190,S,2T1BURHEXGC603409,11285,44547
Z2114,USED,2014,TOYO,SCION TC,,C,HB,GRAY,,2.5 Liter,15333,,LOT,90,186,S,JTKJF5C75E3076580,,35207
Z2121A,USED,2013,NISS,VERSA,,C,SD,SILVER,,1.6 Liter,10495,,LOT,90,115,S,3N1CN7AP7DL876370,,32857
Z2122,USED,2016,NISS,VERSA,,C,SD,FRESH POWDER,,1.6 Liter,12109,,LOT,90,174,S,3N1CN7AP7GL805335,,41773
Z2129A,USED,2013,CHEV,IMPALA,,C,SD,,,3.6 Liter SIDI DOHC,10938,,LOT,90,43,S,2G1WC5E36D1219887,,78643
Z2130,USED,2016,FORD,F-150,W1C,TK,PU,SILVER,,3.5 Liter VIVCT,28452,,LOT,90,169,S,1FTEW1C82GKD80355,,29655
Z2133,USED,2016,CHEV,IMPALA,,C,SD,WHITE,,3.6 Liter SIDI DOHC,19053,,LOT,90,162,S,2G1115S3XG9135517,,41212
Z2134A,USED,2013,FORD,FUSION,,C,,SILVER,,,13764,,LOT,90,83,S,3FA6POH94DR388449,,55320
Z2136B,USED,2013,NISS,SENTRA,,C,SD,WHITE,,1.8 Liter,10857,,LOT,90,85,S,3N1AB7AP8DL662326,,62459
Z2141,USED,2016,KIA,FORTE,,C,SD,GRAY,,1.8 Liter,12728,,LOT,90,151,S,KNAFX4A6XG5506283,,38903
Z2148,USED,2016,NISS,SENTRA,12014,C,SD,SILVER,,1.8 Liter,13362,,LOT,90,141,S,3N1AB7AP5GY243034,,44553
Z2151,USED,2015,GMC,SIERRA 1500,,TK,PU,GRAY,,5.3 Liter SIDI,41777,,LOT,90,126,S,3GTU2VEC3FG387191,,43661
Z2155,USED,2014,CHEV,SILVERADO 1500,,TK,PU,BLACK,,5.3 Liter,36214,,LOT,90,129,S,3GCUKRECXEG184451,,33541
Z2160A,USED,2014,CHEV,SILVERADO 1500,,TK,PU,WHITE,,5.3 Liter,34982,,LOT,90,112,S,3GCPCSEC3EG263249,,41367
Z2161,USED,2016,HYUN,ACCENT,,C,SD,CENTURY WHITE,,1.6 Liter GDI DOHC,10931,,LOT,90,108,S,KMHCT4AE3GU013409,,46212
Z2165,USED,2016,DODG,JOURNEY,,MP,HB,GRANITE,,3.6 Liter,19460,,LOT,90,107,S,3C4PDDBG0GT216061,,37285
Z2167A,USED,2015,HOND,ODYSSEY,,MP,MP,BLUE,,3.5 Liter,29087,,LOT,90,39,S,5FNRL5H60FB070399,,30874
Z2168A,USED,2012,TOYO,RAV4,4431,MP,WG,,,3.5 Liter,,,WHSLE,90,4,S,2T3KK4DV2CW017334,,93341
Z2171,USED,2014,TOYO,CAMRY,,C,SD,BLACK,,2.5 Liter,16579,,LOT,90,77,S,4T1BF1FK7EU459169,,38362
Z2174A,USED,2011,BMW,328I SEDAN,1182,C,SD,,,3.0 Liter,,,WHSLE,90,4,S,WBAPH5G58BNM78983,,37499
Z2176,USED,2016,CHEV,IMPALA,,C,SD,MEDIUM GRAY,,3.6 Liter SIDI DOHC,15932,,LOT,90,66,S,2G1WC5E38G1169871,,46058
Z2177,USED,2015,JEEP,WRANGLER UNLIMITED,,MP,UT,SILVER,,3.6 Liter MPI,32918,,LOT,90,71,S,1C4HJWDG0FL664901,,36859
Z2178,USED,2016,KIA,FORTE,,C,SD,GREY,,1.8 Liter,12284,,LOT,90,55,S,KNAFX4A62G5437881,,38786
Z2179,USED,2017,HYUN,SONATA,,C,SD,WHITE,,2.4 Liter MPI DOHC,16507,,LOT,90,51,S,5NPE24AF3HH442411,,42285
Z2180,USED,2017,KIA,RIO,,C,SD,BLACK,,1.6 DOHC Liter,11549,,LOT,90,51,S,KNADM4A38H6015826,,40331
Z2181A,USED,1999,FORD,F-250,W21,TK,PU,,,7.3D TURBO DI,,,ADESA,90,31,S,1FTNW21F4XEA39397,,231524
Z2181G,USED,1996,DODG,BR1500,,PU,CK,,,5.9 Liter V-8 Gas MPI,,,ADESA,90,31,S,3B7HF13Z7TG117169,,175817
Z2182,USED,2016,FORD,FUSION,P0H,C,SD,SILVER,,2.5 Liter,17900,,LOT,90,44,S,3FA6P0H76GR345136,,19145
Z2185,USED,2017,GMC,TERRAIN,,MP,UT,RED,,2.4 Liter DOHC,23999,,LOT,90,18,S,2GKALPEKXH6139462,,44811
Z2186,USED,2017,CADI,XTS,,C,SD,BLACK,,3.6 Liter SIDI DOHC,29950,,SERVICE,90,,T,2G61M5S35H9111886,,27747
Z2188,USED,2017,KIA,RIO,,C,SD,SILVER,,1.6 DOHC Liter,11344,,LOT,90,15,S,KNADM4A34H6026872,,44658
Z2190,USED,2017,NISS,FRONTIER,,PU,PU,BLUE,,4.0 Liter,,,,90,,T,1N6AD0EV6HN738314,,16689
Z2191,USED,2017,CHRY,300,,C,SD,BLACK,,3.6 Liter,,,,90,,T,2C3CCABG9HH662949,,15974
